<?xml version="1.0" encoding="UTF-8"?>
<configurationDescriptor version="62">
  <logicalFolder name="root" displayName="root" projectFiles="true">
    <logicalFolder name="HeaderFiles"
                   displayName="Header Files"
                   projectFiles="true">
      <logicalFolder name="FrameWork" displayName="FrameWork" projectFiles="true">
        <itemPath>../../Include/Framework/Framework.h</itemPath>
      </logicalFolder>
      <logicalFolder name="HardwareProfile"
                     displayName="HardwareProfile"
                     projectFiles="true">
        <itemPath>../../Include/HardwareProfile/HardwareProfile.h</itemPath>
        <itemPath>../../Include/HardwareProfile/HardwareProfile_PIC32MX_PIM_Explorer_16.h</itemPath>
        <itemPath>../../Include/HardwareProfile/HardwareProfile_PIC32MX_USB_StarterKit.h</itemPath>
      </logicalFolder>
      <logicalFolder name="TransportLayer"
                     displayName="TransportLayer"
                     projectFiles="true">
        <itemPath>../../Include/USB/Usb_Tasks.h</itemPath>
        <itemPath>../../Include/USB/usb_config.h</itemPath>
      </logicalFolder>
      <logicalFolder name="USB_Stack" displayName="USB_Stack" projectFiles="true">
        <itemPath>../../Include/USB/usb.h</itemPath>
        <itemPath>../../Include/USB/usb_ch9.h</itemPath>
        <itemPath>../../Include/USB/usb_common.h</itemPath>
        <itemPath>../../Include/USB/usb_device.h</itemPath>
        <itemPath>../../Include/USB/usb_device_local.h</itemPath>
        <itemPath>../../Include/USB/usb_function_hid.h</itemPath>
        <itemPath>../../Include/USB/usb_hal.h</itemPath>
        <itemPath>../../Include/USB/usb_hal_pic32.h</itemPath>
      </logicalFolder>
      <itemPath>../../Include/BootLoader.h</itemPath>
      <itemPath>../../Include/GenericTypeDefs.h</itemPath>
      <itemPath>../../Include/NVMem.h</itemPath>
    </logicalFolder>
    <logicalFolder name="LibraryFiles"
                   displayName="Library Files"
                   projectFiles="true">
    </logicalFolder>
    <logicalFolder name="LinkerScript"
                   displayName="Linker Files"
                   projectFiles="true">
      <itemPath>../../linker_scripts/others/btl_32MX795F512L_generic.ld</itemPath>
    </logicalFolder>
    <logicalFolder name="ObjectFiles"
                   displayName="Object Files"
                   projectFiles="true">
    </logicalFolder>
    <logicalFolder name="SourceFiles"
                   displayName="Source Files"
                   projectFiles="true">
      <logicalFolder name="FrameWork" displayName="FrameWork" projectFiles="true">
        <itemPath>../../Source/FrameWork/Framework.c</itemPath>
      </logicalFolder>
      <logicalFolder name="TransportLayer"
                     displayName="TransportLayer"
                     projectFiles="true">
        <itemPath>../../Source/USB/Usb_HID_tasks.c</itemPath>
        <itemPath>../../Source/USB/usb_descriptors.c</itemPath>
      </logicalFolder>
      <logicalFolder name="USB_Stack" displayName="USB_Stack" projectFiles="true">
        <itemPath>../../Source/USB/usb_device.c</itemPath>
        <itemPath>../../Source/USB/usb_function_hid.c</itemPath>
      </logicalFolder>
      <itemPath>../../Source/BootLoader.c</itemPath>
      <itemPath>../../Source/NVMem.c</itemPath>
    </logicalFolder>
    <logicalFolder name="ExternalFiles"
                   displayName="Important Files"
                   projectFiles="false">
      <itemPath>Makefile</itemPath>
    </logicalFolder>
  </logicalFolder>
  <projectmakefile>Makefile</projectmakefile>
  <confs>
    <conf name="default" type="2">
      <toolsSet>
        <developmentServer>localhost</developmentServer>
        <targetDevice>PIC32MX795F512L</targetDevice>
        <targetHeader></targetHeader>
        <targetPluginBoard></targetPluginBoard>
        <platformTool>SKDEPIC32PlatformTool</platformTool>
        <languageToolchain>XC32</languageToolchain>
        <languageToolchainVersion>1.00</languageToolchainVersion>
        <platform>3</platform>
      </toolsSet>
      <compileType>
        <linkerTool>
          <linkerLibItems>
          </linkerLibItems>
        </linkerTool>
        <loading>
          <useAlternateLoadableFile>false</useAlternateLoadableFile>
          <alternateLoadableFile></alternateLoadableFile>
        </loading>
      </compileType>
      <makeCustomizationType>
        <makeCustomizationPreStepEnabled>false</makeCustomizationPreStepEnabled>
        <makeCustomizationPreStep></makeCustomizationPreStep>
        <makeCustomizationPostStepEnabled>false</makeCustomizationPostStepEnabled>
        <makeCustomizationPostStep></makeCustomizationPostStep>
        <makeCustomizationPutChecksumInUserID>false</makeCustomizationPutChecksumInUserID>
        <makeCustomizationEnableLongLines>false</makeCustomizationEnableLongLines>
        <makeCustomizationNormalizeHexFile>false</makeCustomizationNormalizeHexFile>
      </makeCustomizationType>
      <C32>
        <property key="additional-warnings" value="false"/>
        <property key="enable-omit-frame-pointer" value="false"/>
        <property key="enable-unroll-loops" value="false"/>
        <property key="exclude-floating-point" value="false"/>
        <property key="extra-include-directories"
                  value="../..;../../Include;../../Include/Usb/Stack;../../Include/FrameWork;../../Include/Usb;../../Include/HardwareProfile;../../Include/USB;../../Include/Framework"/>
        <property key="generate-16-bit-code" value="true"/>
        <property key="isolate-each-function" value="false"/>
        <property key="make-warnings-into-errors" value="false"/>
        <property key="optimization-level" value="-Os"/>
        <property key="place-data-into-section" value="false"/>
        <property key="post-instruction-scheduling" value="default"/>
        <property key="pre-instruction-scheduling" value="default"/>
        <property key="preprocessor-macros"
                  value="TRANSPORT_LAYER_USB;DEMO_BOARD_USB_STARTER_KIT"/>
        <property key="strict-ansi" value="false"/>
        <property key="support-ansi" value="false"/>
        <property key="use-indirect-calls" value="false"/>
      </C32>
      <C32-AS>
        <property key="assembler-symbols" value=""/>
        <property key="exclude-floating-point-library" value="false"/>
        <property key="expand-macros" value="false"/>
        <property key="extra-include-directories-for-assembler"
                  value="../../MPLAB_Workspace"/>
        <property key="extra-include-directories-for-preprocessor" value=""/>
        <property key="false-conditionals" value="false"/>
        <property key="keep-locals" value="false"/>
        <property key="list-assembly" value="false"/>
        <property key="list-file" value=""/>
        <property key="list-section-info" value="false"/>
        <property key="list-source" value="false"/>
        <property key="list-symbols" value="false"/>
        <property key="omit-debug-dirs" value="false"/>
        <property key="omit-forms" value="false"/>
        <property key="preprocessor-macros" value=""/>
        <property key="warning-level" value=""/>
      </C32-AS>
      <C32-LD>
        <property key="enable-check-sections" value="false"/>
        <property key="exclude-floating-point-library" value="false"/>
        <property key="exclude-standard-libraries" value="false"/>
        <property key="extra-lib-directories" value="../../MPLAB_Workspace"/>
        <property key="generate-16-bit-code" value="true"/>
        <property key="generate-cross-reference-file" value="false"/>
        <property key="heap-size" value=""/>
        <property key="input-libraries" value=""/>
        <property key="linker-symbols" value=""/>
        <property key="map-file" value="&quot;$(BINDIR_)$(TARGETBASE).map&quot;"/>
        <property key="no-startup-files" value="false"/>
        <property key="optimization-level" value=""/>
        <property key="preprocessor-macros" value=""/>
        <property key="remove-unused-sections" value="true"/>
        <property key="stack-size" value=""/>
        <property key="symbol-stripping" value=""/>
        <property key="trace-symbols" value=""/>
        <property key="warn-section-align" value="false"/>
      </C32-LD>
      <C32CPP>
      </C32CPP>
      <C32Global>
        <property key="legacy-libc" value="false"/>
        <property key="no-start-files" value="false"/>
      </C32Global>
      <SKDEPIC32PlatformTool>
      </SKDEPIC32PlatformTool>
    </conf>
  </confs>
</configurationDescriptor>
